(1080, 'T', {'task id': 1, 'location': '38', 'appear time': 1070, 'target time': 1080, 'reward': 33})
(1080, 'T', {'task id': 2, 'location': '13', 'appear time': 1073, 'target time': 1080, 'reward': 100})
(1082, 'T', {'task id': 3, 'location': '38', 'appear time': 1072, 'target time': 1082, 'reward': 49})
(1082, 'T', {'task id': 4, 'location': '44', 'appear time': 1077, 'target time': 1082, 'reward': 61})
(1083, 'T', {'task id': 5, 'location': '43', 'appear time': 1078, 'target time': 1083, 'reward': 26})
(1084, 'T', {'task id': 6, 'location': '32', 'appear time': 1075, 'target time': 1084, 'reward': 47})
(1084, 'T', {'task id': 7, 'location': '46', 'appear time': 1075, 'target time': 1084, 'reward': 96})
(1084, 'T', {'task id': 8, 'location': '52', 'appear time': 1077, 'target time': 1084, 'reward': 94})
(1086, 'T', {'task id': 9, 'location': '15', 'appear time': 1076, 'target time': 1086, 'reward': 9})
(1086, 'T', {'task id': 10, 'location': '15', 'appear time': 1080, 'target time': 1086, 'reward': 3})
(1087, 'T', {'task id': 11, 'location': '44', 'appear time': 1078, 'target time': 1087, 'reward': 16})
(1088, 'T', {'task id': 12, 'location': '44', 'appear time': 1080, 'target time': 1088, 'reward': 20})
(1089, 'T', {'task id': 13, 'location': '38', 'appear time': 1084, 'target time': 1089, 'reward': 36})
(1089, 'T', {'task id': 14, 'location': '43', 'appear time': 1084, 'target time': 1089, 'reward': 6})
(1089, 'T', {'task id': 15, 'location': '35', 'appear time': 1080, 'target time': 1089, 'reward': 69})
(1090, 'T', {'task id': 16, 'location': '71', 'appear time': 1083, 'target time': 1090, 'reward': 76})
(1090, 'T', {'task id': 17, 'location': '63', 'appear time': 1082, 'target time': 1090, 'reward': 95})
(1091, 'T', {'task id': 18, 'location': '46', 'appear time': 1083, 'target time': 1091, 'reward': 74})
(1091, 'T', {'task id': 19, 'location': '81', 'appear time': 1083, 'target time': 1091, 'reward': 56})
(1091, 'T', {'task id': 20, 'location': '41', 'appear time': 1084, 'target time': 1091, 'reward': 35})
(1092, 'T', {'task id': 21, 'location': '75', 'appear time': 1084, 'target time': 1092, 'reward': 68})
(1092, 'T', {'task id': 22, 'location': '44', 'appear time': 1082, 'target time': 1092, 'reward': 43})
(1092, 'T', {'task id': 23, 'location': '22', 'appear time': 1087, 'target time': 1092, 'reward': 11})
(1093, 'T', {'task id': 24, 'location': '48', 'appear time': 1086, 'target time': 1093, 'reward': 54})
(1093, 'T', {'task id': 25, 'location': '42', 'appear time': 1088, 'target time': 1093, 'reward': 100})
(1094, 'T', {'task id': 26, 'location': '54', 'appear time': 1084, 'target time': 1094, 'reward': 96})
(1094, 'T', {'task id': 27, 'location': '46', 'appear time': 1086, 'target time': 1094, 'reward': 10})
(1094, 'T', {'task id': 28, 'location': '24', 'appear time': 1086, 'target time': 1094, 'reward': 12})
(1095, 'T', {'task id': 29, 'location': '43', 'appear time': 1089, 'target time': 1095, 'reward': 31})
(1095, 'T', {'task id': 30, 'location': '45', 'appear time': 1090, 'target time': 1095, 'reward': 40})
(1095, 'T', {'task id': 31, 'location': '45', 'appear time': 1088, 'target time': 1095, 'reward': 53})
(1096, 'T', {'task id': 32, 'location': '41', 'appear time': 1089, 'target time': 1096, 'reward': 66})
(1096, 'T', {'task id': 33, 'location': '63', 'appear time': 1086, 'target time': 1096, 'reward': 67})
(1096, 'T', {'task id': 34, 'location': '71', 'appear time': 1089, 'target time': 1096, 'reward': 31})
(1097, 'T', {'task id': 35, 'location': '43', 'appear time': 1090, 'target time': 1097, 'reward': 74})
(1098, 'T', {'task id': 36, 'location': '79', 'appear time': 1093, 'target time': 1098, 'reward': 39})
(1099, 'T', {'task id': 37, 'location': '94', 'appear time': 1092, 'target time': 1099, 'reward': 11})
(1099, 'T', {'task id': 38, 'location': '94', 'appear time': 1090, 'target time': 1099, 'reward': 34})
(1099, 'T', {'task id': 39, 'location': '43', 'appear time': 1091, 'target time': 1099, 'reward': 44})
(1099, 'T', {'task id': 40, 'location': '33', 'appear time': 1092, 'target time': 1099, 'reward': 2})
(1099, 'T', {'task id': 41, 'location': '52', 'appear time': 1093, 'target time': 1099, 'reward': 6})
(1101, 'T', {'task id': 42, 'location': '40', 'appear time': 1094, 'target time': 1101, 'reward': 44})
(1101, 'T', {'task id': 43, 'location': '52', 'appear time': 1096, 'target time': 1101, 'reward': 83})
(1103, 'T', {'task id': 44, 'location': '51', 'appear time': 1098, 'target time': 1103, 'reward': 89})
(1104, 'T', {'task id': 45, 'location': '45', 'appear time': 1098, 'target time': 1104, 'reward': 14})
(1104, 'T', {'task id': 46, 'location': '31', 'appear time': 1094, 'target time': 1104, 'reward': 37})
(1104, 'T', {'task id': 47, 'location': '40', 'appear time': 1098, 'target time': 1104, 'reward': 13})
(1104, 'T', {'task id': 48, 'location': '52', 'appear time': 1098, 'target time': 1104, 'reward': 85})
(1106, 'T', {'task id': 49, 'location': '85', 'appear time': 1100, 'target time': 1106, 'reward': 70})
(1107, 'T', {'task id': 50, 'location': '48', 'appear time': 1097, 'target time': 1107, 'reward': 94})
(1111, 'T', {'task id': 51, 'location': '53', 'appear time': 1106, 'target time': 1111, 'reward': 63})
(1112, 'T', {'task id': 52, 'location': '53', 'appear time': 1105, 'target time': 1112, 'reward': 50})
(1112, 'T', {'task id': 53, 'location': '76', 'appear time': 1105, 'target time': 1112, 'reward': 18})
(1113, 'T', {'task id': 54, 'location': '61', 'appear time': 1103, 'target time': 1113, 'reward': 35})
(1113, 'T', {'task id': 55, 'location': '57', 'appear time': 1103, 'target time': 1113, 'reward': 78})
(1113, 'T', {'task id': 56, 'location': '53', 'appear time': 1104, 'target time': 1113, 'reward': 75})
(1114, 'T', {'task id': 57, 'location': '57', 'appear time': 1108, 'target time': 1114, 'reward': 78})
(1114, 'T', {'task id': 58, 'location': '33', 'appear time': 1108, 'target time': 1114, 'reward': 64})
(1114, 'T', {'task id': 59, 'location': '15', 'appear time': 1109, 'target time': 1114, 'reward': 33})
(1115, 'T', {'task id': 60, 'location': '43', 'appear time': 1109, 'target time': 1115, 'reward': 16})
(1116, 'T', {'task id': 61, 'location': '45', 'appear time': 1110, 'target time': 1116, 'reward': 33})
(1117, 'T', {'task id': 62, 'location': '45', 'appear time': 1110, 'target time': 1117, 'reward': 75})
(1119, 'T', {'task id': 63, 'location': '87', 'appear time': 1109, 'target time': 1119, 'reward': 34})
(1119, 'T', {'task id': 64, 'location': '44', 'appear time': 1112, 'target time': 1119, 'reward': 49})
(1119, 'T', {'task id': 65, 'location': '42', 'appear time': 1110, 'target time': 1119, 'reward': 53})
(1119, 'T', {'task id': 66, 'location': '46', 'appear time': 1109, 'target time': 1119, 'reward': 74})
(1119, 'T', {'task id': 67, 'location': '36', 'appear time': 1114, 'target time': 1119, 'reward': 83})
(1122, 'T', {'task id': 68, 'location': '43', 'appear time': 1113, 'target time': 1122, 'reward': 18})
(1122, 'T', {'task id': 69, 'location': '48', 'appear time': 1113, 'target time': 1122, 'reward': 66})
(1122, 'T', {'task id': 70, 'location': '33', 'appear time': 1115, 'target time': 1122, 'reward': 97})
(1123, 'T', {'task id': 71, 'location': '29', 'appear time': 1113, 'target time': 1123, 'reward': 36})
(1124, 'T', {'task id': 72, 'location': '58', 'appear time': 1116, 'target time': 1124, 'reward': 79})
(1125, 'T', {'task id': 73, 'location': '34', 'appear time': 1118, 'target time': 1125, 'reward': 39})
(1126, 'T', {'task id': 74, 'location': '45', 'appear time': 1120, 'target time': 1126, 'reward': 21})
(1127, 'T', {'task id': 75, 'location': '63', 'appear time': 1119, 'target time': 1127, 'reward': 9})
(1127, 'T', {'task id': 76, 'location': '37', 'appear time': 1122, 'target time': 1127, 'reward': 35})
(1128, 'T', {'task id': 77, 'location': '51', 'appear time': 1118, 'target time': 1128, 'reward': 24})
(1129, 'T', {'task id': 78, 'location': '71', 'appear time': 1121, 'target time': 1129, 'reward': 33})
(1131, 'T', {'task id': 79, 'location': '44', 'appear time': 1125, 'target time': 1131, 'reward': 68})
(1132, 'T', {'task id': 80, 'location': '35', 'appear time': 1122, 'target time': 1132, 'reward': 85})
(1135, 'T', {'task id': 81, 'location': '82', 'appear time': 1125, 'target time': 1135, 'reward': 39})
(1136, 'T', {'task id': 82, 'location': '45', 'appear time': 1129, 'target time': 1136, 'reward': 4})
(1137, 'T', {'task id': 83, 'location': '82', 'appear time': 1130, 'target time': 1137, 'reward': 24})
(1137, 'T', {'task id': 84, 'location': '48', 'appear time': 1130, 'target time': 1137, 'reward': 63})
(1138, 'T', {'task id': 85, 'location': '50', 'appear time': 1128, 'target time': 1138, 'reward': 1})
(1140, 'T', {'task id': 86, 'location': '40', 'appear time': 1130, 'target time': 1140, 'reward': 5})
(1140, 'T', {'task id': 87, 'location': '46', 'appear time': 1135, 'target time': 1140, 'reward': 65})
(1141, 'T', {'task id': 88, 'location': '46', 'appear time': 1136, 'target time': 1141, 'reward': 38})
(1141, 'T', {'task id': 89, 'location': '42', 'appear time': 1133, 'target time': 1141, 'reward': 42})
(1141, 'T', {'task id': 90, 'location': '40', 'appear time': 1135, 'target time': 1141, 'reward': 67})
(1141, 'T', {'task id': 91, 'location': '64', 'appear time': 1134, 'target time': 1141, 'reward': 79})
(1143, 'T', {'task id': 92, 'location': '40', 'appear time': 1134, 'target time': 1143, 'reward': 95})
(1143, 'T', {'task id': 93, 'location': '37', 'appear time': 1137, 'target time': 1143, 'reward': 87})
(1143, 'T', {'task id': 94, 'location': '47', 'appear time': 1138, 'target time': 1143, 'reward': 45})
(1144, 'T', {'task id': 95, 'location': '48', 'appear time': 1137, 'target time': 1144, 'reward': 71})
(1145, 'T', {'task id': 96, 'location': '63', 'appear time': 1138, 'target time': 1145, 'reward': 50})
(1147, 'T', {'task id': 97, 'location': '44', 'appear time': 1140, 'target time': 1147, 'reward': 75})
(1148, 'T', {'task id': 98, 'location': '11', 'appear time': 1140, 'target time': 1148, 'reward': 39})
(1148, 'T', {'task id': 99, 'location': '72', 'appear time': 1140, 'target time': 1148, 'reward': 23})
(1149, 'T', {'task id': 100, 'location': '59', 'appear time': 1143, 'target time': 1149, 'reward': 61})
(1149, 'T', {'task id': 101, 'location': '44', 'appear time': 1144, 'target time': 1149, 'reward': 70})
(1151, 'T', {'task id': 102, 'location': '29', 'appear time': 1143, 'target time': 1151, 'reward': 33})
(1152, 'T', {'task id': 103, 'location': '30', 'appear time': 1146, 'target time': 1152, 'reward': 50})
(1154, 'T', {'task id': 104, 'location': '34', 'appear time': 1144, 'target time': 1154, 'reward': 45})
(1154, 'T', {'task id': 105, 'location': '22', 'appear time': 1148, 'target time': 1154, 'reward': 15})
(1154, 'T', {'task id': 106, 'location': '39', 'appear time': 1144, 'target time': 1154, 'reward': 46})
(1154, 'T', {'task id': 107, 'location': '30', 'appear time': 1148, 'target time': 1154, 'reward': 75})
(1155, 'T', {'task id': 108, 'location': '30', 'appear time': 1150, 'target time': 1155, 'reward': 62})
(1155, 'T', {'task id': 109, 'location': '44', 'appear time': 1148, 'target time': 1155, 'reward': 72})
(1156, 'T', {'task id': 110, 'location': '47', 'appear time': 1147, 'target time': 1156, 'reward': 40})
(1157, 'T', {'task id': 111, 'location': '40', 'appear time': 1150, 'target time': 1157, 'reward': 53})
(1157, 'T', {'task id': 112, 'location': '43', 'appear time': 1152, 'target time': 1157, 'reward': 90})
(1158, 'T', {'task id': 113, 'location': '51', 'appear time': 1151, 'target time': 1158, 'reward': 95})
(1158, 'T', {'task id': 114, 'location': '40', 'appear time': 1148, 'target time': 1158, 'reward': 95})
(1159, 'T', {'task id': 115, 'location': '62', 'appear time': 1151, 'target time': 1159, 'reward': 1})
(1159, 'T', {'task id': 116, 'location': '52', 'appear time': 1154, 'target time': 1159, 'reward': 77})
(1160, 'T', {'task id': 117, 'location': '62', 'appear time': 1151, 'target time': 1160, 'reward': 5})
(1160, 'T', {'task id': 118, 'location': '45', 'appear time': 1155, 'target time': 1160, 'reward': 60})
(1161, 'T', {'task id': 119, 'location': '8', 'appear time': 1155, 'target time': 1161, 'reward': 36})
(1161, 'T', {'task id': 120, 'location': '45', 'appear time': 1155, 'target time': 1161, 'reward': 42})
(1161, 'T', {'task id': 121, 'location': '89', 'appear time': 1151, 'target time': 1161, 'reward': 4})
(1164, 'T', {'task id': 122, 'location': '16', 'appear time': 1158, 'target time': 1164, 'reward': 40})
(1164, 'T', {'task id': 123, 'location': '89', 'appear time': 1156, 'target time': 1164, 'reward': 41})
(1165, 'T', {'task id': 124, 'location': '34', 'appear time': 1159, 'target time': 1165, 'reward': 55})
(1165, 'T', {'task id': 125, 'location': '67', 'appear time': 1156, 'target time': 1165, 'reward': 49})
(1166, 'T', {'task id': 126, 'location': '44', 'appear time': 1156, 'target time': 1166, 'reward': 40})
(1166, 'T', {'task id': 127, 'location': '66', 'appear time': 1157, 'target time': 1166, 'reward': 65})
(1167, 'T', {'task id': 128, 'location': '53', 'appear time': 1159, 'target time': 1167, 'reward': 90})
(1169, 'T', {'task id': 129, 'location': '41', 'appear time': 1162, 'target time': 1169, 'reward': 63})
(1169, 'T', {'task id': 130, 'location': '77', 'appear time': 1163, 'target time': 1169, 'reward': 82})
(1169, 'T', {'task id': 131, 'location': '41', 'appear time': 1159, 'target time': 1169, 'reward': 92})
(1169, 'T', {'task id': 132, 'location': '60', 'appear time': 1161, 'target time': 1169, 'reward': 73})
(1170, 'T', {'task id': 133, 'location': '58', 'appear time': 1163, 'target time': 1170, 'reward': 99})
(1170, 'T', {'task id': 134, 'location': '47', 'appear time': 1160, 'target time': 1170, 'reward': 51})
(1173, 'T', {'task id': 135, 'location': '47', 'appear time': 1165, 'target time': 1173, 'reward': 28})
(1173, 'T', {'task id': 136, 'location': '35', 'appear time': 1165, 'target time': 1173, 'reward': 100})
(1173, 'T', {'task id': 137, 'location': '31', 'appear time': 1165, 'target time': 1173, 'reward': 94})
(1174, 'T', {'task id': 138, 'location': '37', 'appear time': 1164, 'target time': 1174, 'reward': 21})
(1175, 'T', {'task id': 139, 'location': '35', 'appear time': 1166, 'target time': 1175, 'reward': 30})
(1175, 'T', {'task id': 140, 'location': '51', 'appear time': 1167, 'target time': 1175, 'reward': 16})
(1176, 'T', {'task id': 141, 'location': '42', 'appear time': 1170, 'target time': 1176, 'reward': 36})
(1176, 'T', {'task id': 142, 'location': '45', 'appear time': 1170, 'target time': 1176, 'reward': 19})
(1177, 'T', {'task id': 143, 'location': '42', 'appear time': 1168, 'target time': 1177, 'reward': 14})
(1178, 'T', {'task id': 144, 'location': '24', 'appear time': 1171, 'target time': 1178, 'reward': 11})
(1178, 'T', {'task id': 145, 'location': '44', 'appear time': 1173, 'target time': 1178, 'reward': 63})
(1178, 'T', {'task id': 146, 'location': '36', 'appear time': 1172, 'target time': 1178, 'reward': 43})
(1180, 'T', {'task id': 147, 'location': '36', 'appear time': 1170, 'target time': 1180, 'reward': 47})
(1180, 'T', {'task id': 148, 'location': '42', 'appear time': 1170, 'target time': 1180, 'reward': 94})
(1180, 'T', {'task id': 149, 'location': '91', 'appear time': 1172, 'target time': 1180, 'reward': 24})
(1182, 'T', {'task id': 150, 'location': '40', 'appear time': 1173, 'target time': 1182, 'reward': 95})
(1182, 'T', {'task id': 151, 'location': '66', 'appear time': 1173, 'target time': 1182, 'reward': 40})
(1183, 'T', {'task id': 152, 'location': '40', 'appear time': 1173, 'target time': 1183, 'reward': 2})
(1183, 'T', {'task id': 153, 'location': '37', 'appear time': 1177, 'target time': 1183, 'reward': 8})
(1185, 'T', {'task id': 154, 'location': '79', 'appear time': 1177, 'target time': 1185, 'reward': 90})
(1187, 'T', {'task id': 155, 'location': '43', 'appear time': 1181, 'target time': 1187, 'reward': 50})
(1188, 'T', {'task id': 156, 'location': '20', 'appear time': 1183, 'target time': 1188, 'reward': 26})
(1189, 'T', {'task id': 157, 'location': '53', 'appear time': 1184, 'target time': 1189, 'reward': 18})
(1189, 'T', {'task id': 158, 'location': '32', 'appear time': 1180, 'target time': 1189, 'reward': 45})
(1190, 'T', {'task id': 159, 'location': '43', 'appear time': 1181, 'target time': 1190, 'reward': 96})
(1190, 'T', {'task id': 160, 'location': '44', 'appear time': 1181, 'target time': 1190, 'reward': 29})
(1190, 'T', {'task id': 161, 'location': '56', 'appear time': 1181, 'target time': 1190, 'reward': 92})
(1191, 'T', {'task id': 162, 'location': '63', 'appear time': 1184, 'target time': 1191, 'reward': 3})
(1191, 'T', {'task id': 163, 'location': '45', 'appear time': 1183, 'target time': 1191, 'reward': 59})
(1191, 'T', {'task id': 164, 'location': '45', 'appear time': 1181, 'target time': 1191, 'reward': 12})
(1194, 'T', {'task id': 165, 'location': '48', 'appear time': 1187, 'target time': 1194, 'reward': 19})
(1194, 'T', {'task id': 166, 'location': '38', 'appear time': 1187, 'target time': 1194, 'reward': 62})
(1194, 'T', {'task id': 167, 'location': '55', 'appear time': 1185, 'target time': 1194, 'reward': 9})
(1194, 'T', {'task id': 168, 'location': '54', 'appear time': 1187, 'target time': 1194, 'reward': 66})
(1194, 'T', {'task id': 169, 'location': '46', 'appear time': 1188, 'target time': 1194, 'reward': 63})
(1197, 'T', {'task id': 170, 'location': '26', 'appear time': 1191, 'target time': 1197, 'reward': 86})
(1198, 'T', {'task id': 171, 'location': '26', 'appear time': 1190, 'target time': 1198, 'reward': 31})
(1199, 'T', {'task id': 172, 'location': '57', 'appear time': 1194, 'target time': 1199, 'reward': 62})
(1200, 'T', {'task id': 173, 'location': '66', 'appear time': 1193, 'target time': 1200, 'reward': 95})
(1200, 'T', {'task id': 174, 'location': '58', 'appear time': 1190, 'target time': 1200, 'reward': 48})
(1201, 'T', {'task id': 175, 'location': '22', 'appear time': 1196, 'target time': 1201, 'reward': 8})
(1203, 'T', {'task id': 176, 'location': '50', 'appear time': 1195, 'target time': 1203, 'reward': 92})
(1203, 'T', {'task id': 177, 'location': '38', 'appear time': 1195, 'target time': 1203, 'reward': 92})
(1203, 'T', {'task id': 178, 'location': '64', 'appear time': 1197, 'target time': 1203, 'reward': 18})
(1203, 'T', {'task id': 179, 'location': '42', 'appear time': 1196, 'target time': 1203, 'reward': 96})
(1204, 'T', {'task id': 180, 'location': '64', 'appear time': 1194, 'target time': 1204, 'reward': 12})
(1204, 'T', {'task id': 181, 'location': '85', 'appear time': 1195, 'target time': 1204, 'reward': 47})
(1204, 'T', {'task id': 182, 'location': '42', 'appear time': 1196, 'target time': 1204, 'reward': 7})
(1205, 'T', {'task id': 183, 'location': '72', 'appear time': 1197, 'target time': 1205, 'reward': 28})
(1205, 'T', {'task id': 184, 'location': '47', 'appear time': 1199, 'target time': 1205, 'reward': 78})
(1205, 'T', {'task id': 185, 'location': '34', 'appear time': 1197, 'target time': 1205, 'reward': 46})
(1205, 'T', {'task id': 186, 'location': '39', 'appear time': 1199, 'target time': 1205, 'reward': 93})
(1205, 'T', {'task id': 187, 'location': '39', 'appear time': 1197, 'target time': 1205, 'reward': 50})
(1207, 'T', {'task id': 188, 'location': '50', 'appear time': 1200, 'target time': 1207, 'reward': 87})
(1207, 'T', {'task id': 189, 'location': '33', 'appear time': 1202, 'target time': 1207, 'reward': 32})
(1207, 'T', {'task id': 190, 'location': '66', 'appear time': 1199, 'target time': 1207, 'reward': 96})
(1207, 'T', {'task id': 191, 'location': '94', 'appear time': 1199, 'target time': 1207, 'reward': 24})
(1208, 'T', {'task id': 192, 'location': '46', 'appear time': 1202, 'target time': 1208, 'reward': 12})
(1208, 'T', {'task id': 193, 'location': '44', 'appear time': 1203, 'target time': 1208, 'reward': 56})
(1209, 'T', {'task id': 194, 'location': '58', 'appear time': 1200, 'target time': 1209, 'reward': 13})
(1210, 'T', {'task id': 195, 'location': '36', 'appear time': 1203, 'target time': 1210, 'reward': 40})
(1211, 'T', {'task id': 196, 'location': '36', 'appear time': 1204, 'target time': 1211, 'reward': 67})
(1211, 'T', {'task id': 197, 'location': '35', 'appear time': 1205, 'target time': 1211, 'reward': 96})
(1211, 'T', {'task id': 198, 'location': '73', 'appear time': 1206, 'target time': 1211, 'reward': 24})
(1211, 'T', {'task id': 199, 'location': '33', 'appear time': 1203, 'target time': 1211, 'reward': 7})
(1211, 'T', {'task id': 200, 'location': '72', 'appear time': 1206, 'target time': 1211, 'reward': 86})
(1211, 'T', {'task id': 201, 'location': '54', 'appear time': 1205, 'target time': 1211, 'reward': 52})
(1215, 'T', {'task id': 202, 'location': '35', 'appear time': 1208, 'target time': 1215, 'reward': 14})
(1215, 'T', {'task id': 203, 'location': '72', 'appear time': 1210, 'target time': 1215, 'reward': 93})
(1216, 'T', {'task id': 204, 'location': '40', 'appear time': 1211, 'target time': 1216, 'reward': 97})
(1218, 'T', {'task id': 205, 'location': '14', 'appear time': 1211, 'target time': 1218, 'reward': 65})
(1219, 'T', {'task id': 206, 'location': '43', 'appear time': 1211, 'target time': 1219, 'reward': 84})
(1220, 'T', {'task id': 207, 'location': '42', 'appear time': 1215, 'target time': 1220, 'reward': 11})
(1221, 'T', {'task id': 208, 'location': '41', 'appear time': 1215, 'target time': 1221, 'reward': 57})
(1221, 'T', {'task id': 209, 'location': '47', 'appear time': 1215, 'target time': 1221, 'reward': 93})
(1221, 'T', {'task id': 210, 'location': '44', 'appear time': 1214, 'target time': 1221, 'reward': 30})
(1221, 'T', {'task id': 211, 'location': '36', 'appear time': 1215, 'target time': 1221, 'reward': 37})
(1222, 'T', {'task id': 212, 'location': '6', 'appear time': 1215, 'target time': 1222, 'reward': 39})
(1223, 'T', {'task id': 213, 'location': '34', 'appear time': 1216, 'target time': 1223, 'reward': 71})
(1224, 'T', {'task id': 214, 'location': '39', 'appear time': 1214, 'target time': 1224, 'reward': 75})
(1224, 'T', {'task id': 215, 'location': '55', 'appear time': 1215, 'target time': 1224, 'reward': 90})
(1225, 'T', {'task id': 216, 'location': '48', 'appear time': 1218, 'target time': 1225, 'reward': 60})
(1226, 'T', {'task id': 217, 'location': '45', 'appear time': 1219, 'target time': 1226, 'reward': 56})
(1226, 'T', {'task id': 218, 'location': '48', 'appear time': 1220, 'target time': 1226, 'reward': 36})
(1227, 'T', {'task id': 219, 'location': '40', 'appear time': 1218, 'target time': 1227, 'reward': 37})
(1227, 'T', {'task id': 220, 'location': '33', 'appear time': 1218, 'target time': 1227, 'reward': 20})
(1227, 'T', {'task id': 221, 'location': '40', 'appear time': 1220, 'target time': 1227, 'reward': 72})
(1227, 'T', {'task id': 222, 'location': '68', 'appear time': 1221, 'target time': 1227, 'reward': 99})
(1229, 'T', {'task id': 223, 'location': '64', 'appear time': 1220, 'target time': 1229, 'reward': 60})
(1230, 'T', {'task id': 224, 'location': '39', 'appear time': 1225, 'target time': 1230, 'reward': 8})
(1231, 'T', {'task id': 225, 'location': '17', 'appear time': 1224, 'target time': 1231, 'reward': 72})
(1232, 'T', {'task id': 226, 'location': '34', 'appear time': 1226, 'target time': 1232, 'reward': 95})
(1234, 'T', {'task id': 227, 'location': '45', 'appear time': 1225, 'target time': 1234, 'reward': 96})
(1235, 'T', {'task id': 228, 'location': '52', 'appear time': 1230, 'target time': 1235, 'reward': 84})
(1237, 'T', {'task id': 229, 'location': '6', 'appear time': 1228, 'target time': 1237, 'reward': 41})
(1237, 'T', {'task id': 230, 'location': '48', 'appear time': 1228, 'target time': 1237, 'reward': 49})
(1238, 'T', {'task id': 231, 'location': '12', 'appear time': 1231, 'target time': 1238, 'reward': 81})
(1238, 'T', {'task id': 232, 'location': '32', 'appear time': 1233, 'target time': 1238, 'reward': 21})
(1238, 'T', {'task id': 233, 'location': '62', 'appear time': 1232, 'target time': 1238, 'reward': 75})
(1239, 'T', {'task id': 234, 'location': '63', 'appear time': 1233, 'target time': 1239, 'reward': 69})
(1240, 'T', {'task id': 235, 'location': '43', 'appear time': 1235, 'target time': 1240, 'reward': 15})
(1241, 'T', {'task id': 236, 'location': '56', 'appear time': 1234, 'target time': 1241, 'reward': 60})
(1242, 'T', {'task id': 237, 'location': '59', 'appear time': 1236, 'target time': 1242, 'reward': 66})
(1243, 'T', {'task id': 238, 'location': '34', 'appear time': 1236, 'target time': 1243, 'reward': 74})
(1245, 'T', {'task id': 239, 'location': '48', 'appear time': 1238, 'target time': 1245, 'reward': 30})
(1245, 'T', {'task id': 240, 'location': '38', 'appear time': 1237, 'target time': 1245, 'reward': 74})
(1245, 'T', {'task id': 241, 'location': '86', 'appear time': 1239, 'target time': 1245, 'reward': 38})
(1246, 'T', {'task id': 242, 'location': '38', 'appear time': 1239, 'target time': 1246, 'reward': 36})
(1246, 'T', {'task id': 243, 'location': '34', 'appear time': 1240, 'target time': 1246, 'reward': 35})
(1246, 'T', {'task id': 244, 'location': '44', 'appear time': 1240, 'target time': 1246, 'reward': 97})
(1248, 'T', {'task id': 245, 'location': '46', 'appear time': 1241, 'target time': 1248, 'reward': 80})
(1249, 'T', {'task id': 246, 'location': '55', 'appear time': 1240, 'target time': 1249, 'reward': 57})
(1249, 'T', {'task id': 247, 'location': '83', 'appear time': 1243, 'target time': 1249, 'reward': 53})
(1249, 'T', {'task id': 248, 'location': '49', 'appear time': 1243, 'target time': 1249, 'reward': 63})
(1250, 'T', {'task id': 249, 'location': '42', 'appear time': 1241, 'target time': 1250, 'reward': 64})
(1250, 'T', {'task id': 250, 'location': '42', 'appear time': 1240, 'target time': 1250, 'reward': 38})
(1251, 'T', {'task id': 251, 'location': '45', 'appear time': 1246, 'target time': 1251, 'reward': 8})
(1251, 'T', {'task id': 252, 'location': '49', 'appear time': 1244, 'target time': 1251, 'reward': 25})
(1252, 'T', {'task id': 253, 'location': '35', 'appear time': 1244, 'target time': 1252, 'reward': 98})
(1252, 'T', {'task id': 254, 'location': '28', 'appear time': 1246, 'target time': 1252, 'reward': 22})
(1253, 'T', {'task id': 255, 'location': '18', 'appear time': 1248, 'target time': 1253, 'reward': 35})
(1254, 'T', {'task id': 256, 'location': '77', 'appear time': 1246, 'target time': 1254, 'reward': 93})
(1255, 'T', {'task id': 257, 'location': '32', 'appear time': 1249, 'target time': 1255, 'reward': 95})
(1255, 'T', {'task id': 258, 'location': '92', 'appear time': 1250, 'target time': 1255, 'reward': 60})
(1255, 'T', {'task id': 259, 'location': '33', 'appear time': 1245, 'target time': 1255, 'reward': 22})
(1256, 'T', {'task id': 260, 'location': '92', 'appear time': 1247, 'target time': 1256, 'reward': 90})
(1256, 'T', {'task id': 261, 'location': '45', 'appear time': 1246, 'target time': 1256, 'reward': 35})
(1256, 'T', {'task id': 262, 'location': '72', 'appear time': 1250, 'target time': 1256, 'reward': 62})
(1257, 'T', {'task id': 263, 'location': '16', 'appear time': 1250, 'target time': 1257, 'reward': 41})
(1257, 'T', {'task id': 264, 'location': '46', 'appear time': 1250, 'target time': 1257, 'reward': 70})
(1257, 'T', {'task id': 265, 'location': '16', 'appear time': 1249, 'target time': 1257, 'reward': 67})
(1257, 'T', {'task id': 266, 'location': '46', 'appear time': 1247, 'target time': 1257, 'reward': 58})
(1258, 'T', {'task id': 267, 'location': '45', 'appear time': 1251, 'target time': 1258, 'reward': 7})
(1258, 'T', {'task id': 268, 'location': '47', 'appear time': 1251, 'target time': 1258, 'reward': 53})
(1258, 'T', {'task id': 269, 'location': '47', 'appear time': 1249, 'target time': 1258, 'reward': 82})
(1258, 'T', {'task id': 270, 'location': '92', 'appear time': 1250, 'target time': 1258, 'reward': 23})
(1259, 'T', {'task id': 271, 'location': '92', 'appear time': 1252, 'target time': 1259, 'reward': 50})
(1260, 'T', {'task id': 272, 'location': '45', 'appear time': 1251, 'target time': 1260, 'reward': 84})
(1260, 'T', {'task id': 273, 'location': '45', 'appear time': 1254, 'target time': 1260, 'reward': 36})
(1260, 'T', {'task id': 274, 'location': '44', 'appear time': 1254, 'target time': 1260, 'reward': 39})
(1260, 'T', {'task id': 275, 'location': '70', 'appear time': 1255, 'target time': 1260, 'reward': 26})
(1261, 'T', {'task id': 276, 'location': '14', 'appear time': 1256, 'target time': 1261, 'reward': 40})
(1262, 'T', {'task id': 277, 'location': '25', 'appear time': 1254, 'target time': 1262, 'reward': 17})
(1262, 'T', {'task id': 278, 'location': '92', 'appear time': 1257, 'target time': 1262, 'reward': 54})
(1263, 'T', {'task id': 279, 'location': '21', 'appear time': 1253, 'target time': 1263, 'reward': 7})
(1264, 'T', {'task id': 280, 'location': '49', 'appear time': 1257, 'target time': 1264, 'reward': 71})
(1266, 'T', {'task id': 281, 'location': '45', 'appear time': 1259, 'target time': 1266, 'reward': 86})
(1267, 'T', {'task id': 282, 'location': '44', 'appear time': 1257, 'target time': 1267, 'reward': 25})
(1269, 'T', {'task id': 283, 'location': '36', 'appear time': 1263, 'target time': 1269, 'reward': 62})
(1269, 'T', {'task id': 284, 'location': '47', 'appear time': 1260, 'target time': 1269, 'reward': 89})
(1270, 'T', {'task id': 285, 'location': '41', 'appear time': 1263, 'target time': 1270, 'reward': 59})
(1271, 'T', {'task id': 286, 'location': '58', 'appear time': 1261, 'target time': 1271, 'reward': 15})
(1272, 'T', {'task id': 287, 'location': '53', 'appear time': 1267, 'target time': 1272, 'reward': 73})
(1272, 'T', {'task id': 288, 'location': '54', 'appear time': 1262, 'target time': 1272, 'reward': 37})
(1272, 'T', {'task id': 289, 'location': '54', 'appear time': 1263, 'target time': 1272, 'reward': 29})
(1272, 'T', {'task id': 290, 'location': '43', 'appear time': 1266, 'target time': 1272, 'reward': 90})
(1273, 'T', {'task id': 291, 'location': '21', 'appear time': 1267, 'target time': 1273, 'reward': 42})
(1273, 'T', {'task id': 292, 'location': '18', 'appear time': 1268, 'target time': 1273, 'reward': 99})
(1273, 'T', {'task id': 293, 'location': '43', 'appear time': 1267, 'target time': 1273, 'reward': 21})
(1273, 'T', {'task id': 294, 'location': '62', 'appear time': 1265, 'target time': 1273, 'reward': 68})
(1273, 'T', {'task id': 295, 'location': '43', 'appear time': 1267, 'target time': 1273, 'reward': 85})
(1274, 'T', {'task id': 296, 'location': '43', 'appear time': 1265, 'target time': 1274, 'reward': 56})
(1274, 'T', {'task id': 297, 'location': '83', 'appear time': 1268, 'target time': 1274, 'reward': 30})
(1274, 'T', {'task id': 298, 'location': '45', 'appear time': 1266, 'target time': 1274, 'reward': 21})
(1275, 'T', {'task id': 299, 'location': '47', 'appear time': 1268, 'target time': 1275, 'reward': 17})
(1275, 'T', {'task id': 300, 'location': '45', 'appear time': 1265, 'target time': 1275, 'reward': 95})
(1276, 'T', {'task id': 301, 'location': '43', 'appear time': 1269, 'target time': 1276, 'reward': 80})
(1276, 'T', {'task id': 302, 'location': '22', 'appear time': 1268, 'target time': 1276, 'reward': 55})
(1277, 'T', {'task id': 303, 'location': '32', 'appear time': 1270, 'target time': 1277, 'reward': 84})
(1278, 'T', {'task id': 304, 'location': '46', 'appear time': 1272, 'target time': 1278, 'reward': 54})
(1278, 'T', {'task id': 305, 'location': '42', 'appear time': 1269, 'target time': 1278, 'reward': 24})
(1278, 'T', {'task id': 306, 'location': '41', 'appear time': 1272, 'target time': 1278, 'reward': 15})
(1280, 'T', {'task id': 307, 'location': '55', 'appear time': 1272, 'target time': 1280, 'reward': 54})
(1281, 'T', {'task id': 308, 'location': '40', 'appear time': 1274, 'target time': 1281, 'reward': 23})
(1282, 'T', {'task id': 309, 'location': '42', 'appear time': 1272, 'target time': 1282, 'reward': 26})
(1282, 'T', {'task id': 310, 'location': '41', 'appear time': 1273, 'target time': 1282, 'reward': 35})
(1282, 'T', {'task id': 311, 'location': '37', 'appear time': 1275, 'target time': 1282, 'reward': 65})
(1282, 'T', {'task id': 312, 'location': '46', 'appear time': 1277, 'target time': 1282, 'reward': 26})
(1282, 'T', {'task id': 313, 'location': '65', 'appear time': 1275, 'target time': 1282, 'reward': 10})
(1283, 'T', {'task id': 314, 'location': '37', 'appear time': 1275, 'target time': 1283, 'reward': 98})
(1283, 'T', {'task id': 315, 'location': '37', 'appear time': 1274, 'target time': 1283, 'reward': 11})
(1284, 'T', {'task id': 316, 'location': '47', 'appear time': 1279, 'target time': 1284, 'reward': 53})
(1284, 'T', {'task id': 317, 'location': '42', 'appear time': 1276, 'target time': 1284, 'reward': 67})
(1286, 'T', {'task id': 318, 'location': '16', 'appear time': 1280, 'target time': 1286, 'reward': 84})
(1286, 'T', {'task id': 319, 'location': '42', 'appear time': 1276, 'target time': 1286, 'reward': 53})
(1287, 'T', {'task id': 320, 'location': '32', 'appear time': 1278, 'target time': 1287, 'reward': 36})
(1288, 'T', {'task id': 321, 'location': '28', 'appear time': 1279, 'target time': 1288, 'reward': 60})
(1288, 'T', {'task id': 322, 'location': '47', 'appear time': 1279, 'target time': 1288, 'reward': 4})
(1289, 'T', {'task id': 323, 'location': '41', 'appear time': 1282, 'target time': 1289, 'reward': 22})
(1289, 'T', {'task id': 324, 'location': '35', 'appear time': 1283, 'target time': 1289, 'reward': 85})
(1289, 'T', {'task id': 325, 'location': '42', 'appear time': 1282, 'target time': 1289, 'reward': 69})
(1290, 'T', {'task id': 326, 'location': '35', 'appear time': 1281, 'target time': 1290, 'reward': 41})
(1290, 'T', {'task id': 327, 'location': '41', 'appear time': 1283, 'target time': 1290, 'reward': 58})
(1291, 'T', {'task id': 328, 'location': '21', 'appear time': 1286, 'target time': 1291, 'reward': 16})
(1291, 'T', {'task id': 329, 'location': '44', 'appear time': 1286, 'target time': 1291, 'reward': 21})
(1292, 'T', {'task id': 330, 'location': '67', 'appear time': 1285, 'target time': 1292, 'reward': 82})
(1292, 'T', {'task id': 331, 'location': '30', 'appear time': 1284, 'target time': 1292, 'reward': 34})
(1292, 'T', {'task id': 332, 'location': '37', 'appear time': 1283, 'target time': 1292, 'reward': 7})
(1292, 'T', {'task id': 333, 'location': '60', 'appear time': 1283, 'target time': 1292, 'reward': 44})
(1293, 'T', {'task id': 334, 'location': '57', 'appear time': 1285, 'target time': 1293, 'reward': 71})
(1293, 'T', {'task id': 335, 'location': '90', 'appear time': 1285, 'target time': 1293, 'reward': 56})
(1293, 'T', {'task id': 336, 'location': '63', 'appear time': 1286, 'target time': 1293, 'reward': 58})
(1294, 'T', {'task id': 337, 'location': '62', 'appear time': 1284, 'target time': 1294, 'reward': 13})
(1294, 'T', {'task id': 338, 'location': '38', 'appear time': 1289, 'target time': 1294, 'reward': 23})
(1294, 'T', {'task id': 339, 'location': '89', 'appear time': 1286, 'target time': 1294, 'reward': 80})
(1295, 'T', {'task id': 340, 'location': '46', 'appear time': 1286, 'target time': 1295, 'reward': 8})
(1295, 'T', {'task id': 341, 'location': '35', 'appear time': 1286, 'target time': 1295, 'reward': 93})
(1295, 'T', {'task id': 342, 'location': '45', 'appear time': 1286, 'target time': 1295, 'reward': 48})
(1296, 'T', {'task id': 343, 'location': '45', 'appear time': 1286, 'target time': 1296, 'reward': 14})
(1296, 'T', {'task id': 344, 'location': '37', 'appear time': 1290, 'target time': 1296, 'reward': 11})
(1296, 'T', {'task id': 345, 'location': '46', 'appear time': 1289, 'target time': 1296, 'reward': 72})
(1296, 'T', {'task id': 346, 'location': '94', 'appear time': 1288, 'target time': 1296, 'reward': 71})
(1297, 'T', {'task id': 347, 'location': '46', 'appear time': 1292, 'target time': 1297, 'reward': 71})
(1298, 'T', {'task id': 348, 'location': '47', 'appear time': 1290, 'target time': 1298, 'reward': 46})
(1298, 'T', {'task id': 349, 'location': '48', 'appear time': 1290, 'target time': 1298, 'reward': 7})
(1298, 'T', {'task id': 350, 'location': '51', 'appear time': 1293, 'target time': 1298, 'reward': 91})
(1298, 'T', {'task id': 351, 'location': '87', 'appear time': 1292, 'target time': 1298, 'reward': 12})
(1298, 'T', {'task id': 352, 'location': '32', 'appear time': 1289, 'target time': 1298, 'reward': 32})
(1298, 'T', {'task id': 353, 'location': '46', 'appear time': 1292, 'target time': 1298, 'reward': 24})
(1299, 'T', {'task id': 354, 'location': '38', 'appear time': 1291, 'target time': 1299, 'reward': 27})
(1300, 'T', {'task id': 355, 'location': '45', 'appear time': 1291, 'target time': 1300, 'reward': 81})
(1300, 'T', {'task id': 356, 'location': '47', 'appear time': 1295, 'target time': 1300, 'reward': 41})
(1301, 'T', {'task id': 357, 'location': '68', 'appear time': 1295, 'target time': 1301, 'reward': 30})
(1301, 'T', {'task id': 358, 'location': '37', 'appear time': 1292, 'target time': 1301, 'reward': 4})
(1302, 'T', {'task id': 359, 'location': '53', 'appear time': 1297, 'target time': 1302, 'reward': 65})
(1302, 'T', {'task id': 360, 'location': '37', 'appear time': 1297, 'target time': 1302, 'reward': 37})
(1302, 'T', {'task id': 361, 'location': '47', 'appear time': 1296, 'target time': 1302, 'reward': 34})
(1302, 'T', {'task id': 362, 'location': '37', 'appear time': 1293, 'target time': 1302, 'reward': 46})
(1303, 'T', {'task id': 363, 'location': '37', 'appear time': 1295, 'target time': 1303, 'reward': 38})
(1303, 'T', {'task id': 364, 'location': '29', 'appear time': 1293, 'target time': 1303, 'reward': 7})
(1304, 'T', {'task id': 365, 'location': '47', 'appear time': 1296, 'target time': 1304, 'reward': 35})
(1304, 'T', {'task id': 366, 'location': '37', 'appear time': 1299, 'target time': 1304, 'reward': 20})
(1304, 'T', {'task id': 367, 'location': '77', 'appear time': 1294, 'target time': 1304, 'reward': 32})
(1305, 'T', {'task id': 368, 'location': '41', 'appear time': 1295, 'target time': 1305, 'reward': 39})
(1306, 'T', {'task id': 369, 'location': '82', 'appear time': 1299, 'target time': 1306, 'reward': 5})
(1307, 'T', {'task id': 370, 'location': '44', 'appear time': 1300, 'target time': 1307, 'reward': 35})
(1307, 'T', {'task id': 371, 'location': '85', 'appear time': 1301, 'target time': 1307, 'reward': 28})
(1308, 'T', {'task id': 372, 'location': '49', 'appear time': 1303, 'target time': 1308, 'reward': 8})
(1308, 'T', {'task id': 373, 'location': '29', 'appear time': 1298, 'target time': 1308, 'reward': 49})
(1309, 'T', {'task id': 374, 'location': '59', 'appear time': 1301, 'target time': 1309, 'reward': 34})
(1310, 'T', {'task id': 375, 'location': '48', 'appear time': 1303, 'target time': 1310, 'reward': 69})
(1310, 'T', {'task id': 376, 'location': '45', 'appear time': 1300, 'target time': 1310, 'reward': 93})
(1311, 'T', {'task id': 377, 'location': '19', 'appear time': 1304, 'target time': 1311, 'reward': 88})
(1311, 'T', {'task id': 378, 'location': '18', 'appear time': 1303, 'target time': 1311, 'reward': 79})
(1311, 'T', {'task id': 379, 'location': '18', 'appear time': 1304, 'target time': 1311, 'reward': 94})
(1312, 'T', {'task id': 380, 'location': '87', 'appear time': 1304, 'target time': 1312, 'reward': 39})
(1312, 'T', {'task id': 381, 'location': '46', 'appear time': 1304, 'target time': 1312, 'reward': 53})
(1312, 'T', {'task id': 382, 'location': '37', 'appear time': 1307, 'target time': 1312, 'reward': 52})
(1312, 'T', {'task id': 383, 'location': '80', 'appear time': 1306, 'target time': 1312, 'reward': 84})
(1313, 'T', {'task id': 384, 'location': '41', 'appear time': 1308, 'target time': 1313, 'reward': 55})
(1313, 'T', {'task id': 385, 'location': '35', 'appear time': 1303, 'target time': 1313, 'reward': 49})
(1313, 'T', {'task id': 386, 'location': '63', 'appear time': 1306, 'target time': 1313, 'reward': 46})
(1314, 'T', {'task id': 387, 'location': '79', 'appear time': 1305, 'target time': 1314, 'reward': 92})
(1314, 'T', {'task id': 388, 'location': '52', 'appear time': 1304, 'target time': 1314, 'reward': 54})
(1314, 'T', {'task id': 389, 'location': '79', 'appear time': 1309, 'target time': 1314, 'reward': 17})
(1314, 'T', {'task id': 390, 'location': '29', 'appear time': 1306, 'target time': 1314, 'reward': 88})
(1315, 'T', {'task id': 391, 'location': '26', 'appear time': 1310, 'target time': 1315, 'reward': 34})
(1315, 'T', {'task id': 392, 'location': '47', 'appear time': 1306, 'target time': 1315, 'reward': 23})
(1315, 'T', {'task id': 393, 'location': '45', 'appear time': 1308, 'target time': 1315, 'reward': 24})
(1315, 'T', {'task id': 394, 'location': '49', 'appear time': 1305, 'target time': 1315, 'reward': 70})
(1315, 'T', {'task id': 395, 'location': '16', 'appear time': 1307, 'target time': 1315, 'reward': 55})
(1315, 'T', {'task id': 396, 'location': '47', 'appear time': 1306, 'target time': 1315, 'reward': 70})
(1315, 'T', {'task id': 397, 'location': '45', 'appear time': 1307, 'target time': 1315, 'reward': 69})
(1316, 'T', {'task id': 398, 'location': '47', 'appear time': 1308, 'target time': 1316, 'reward': 30})
(1316, 'T', {'task id': 399, 'location': '47', 'appear time': 1308, 'target time': 1316, 'reward': 76})
(1316, 'T', {'task id': 400, 'location': '47', 'appear time': 1306, 'target time': 1316, 'reward': 42})
(1317, 'T', {'task id': 401, 'location': '36', 'appear time': 1309, 'target time': 1317, 'reward': 15})
(1317, 'T', {'task id': 402, 'location': '26', 'appear time': 1307, 'target time': 1317, 'reward': 99})
(1317, 'T', {'task id': 403, 'location': '6', 'appear time': 1311, 'target time': 1317, 'reward': 98})
(1317, 'T', {'task id': 404, 'location': '35', 'appear time': 1312, 'target time': 1317, 'reward': 16})
(1317, 'T', {'task id': 405, 'location': '26', 'appear time': 1312, 'target time': 1317, 'reward': 93})
(1318, 'T', {'task id': 406, 'location': '49', 'appear time': 1308, 'target time': 1318, 'reward': 75})
(1318, 'T', {'task id': 407, 'location': '38', 'appear time': 1310, 'target time': 1318, 'reward': 23})
(1319, 'T', {'task id': 408, 'location': '64', 'appear time': 1313, 'target time': 1319, 'reward': 89})
(1320, 'T', {'task id': 409, 'location': '19', 'appear time': 1310, 'target time': 1320, 'reward': 57})
(1320, 'T', {'task id': 410, 'location': '82', 'appear time': 1315, 'target time': 1320, 'reward': 89})
(1321, 'T', {'task id': 411, 'location': '36', 'appear time': 1312, 'target time': 1321, 'reward': 17})
(1322, 'T', {'task id': 412, 'location': '25', 'appear time': 1313, 'target time': 1322, 'reward': 37})
(1322, 'T', {'task id': 413, 'location': '59', 'appear time': 1314, 'target time': 1322, 'reward': 33})
(1323, 'T', {'task id': 414, 'location': '79', 'appear time': 1316, 'target time': 1323, 'reward': 46})
(1323, 'T', {'task id': 415, 'location': '54', 'appear time': 1313, 'target time': 1323, 'reward': 100})
(1324, 'T', {'task id': 416, 'location': '43', 'appear time': 1316, 'target time': 1324, 'reward': 68})
(1325, 'T', {'task id': 417, 'location': '21', 'appear time': 1319, 'target time': 1325, 'reward': 5})
(1325, 'T', {'task id': 418, 'location': '25', 'appear time': 1315, 'target time': 1325, 'reward': 25})
(1325, 'T', {'task id': 419, 'location': '62', 'appear time': 1317, 'target time': 1325, 'reward': 78})
(1326, 'T', {'task id': 420, 'location': '41', 'appear time': 1320, 'target time': 1326, 'reward': 27})
(1326, 'T', {'task id': 421, 'location': '38', 'appear time': 1320, 'target time': 1326, 'reward': 49})
(1326, 'T', {'task id': 422, 'location': '46', 'appear time': 1321, 'target time': 1326, 'reward': 85})
(1327, 'T', {'task id': 423, 'location': '52', 'appear time': 1320, 'target time': 1327, 'reward': 98})
(1328, 'T', {'task id': 424, 'location': '39', 'appear time': 1321, 'target time': 1328, 'reward': 31})
(1328, 'T', {'task id': 425, 'location': '61', 'appear time': 1321, 'target time': 1328, 'reward': 4})
(1328, 'T', {'task id': 426, 'location': '46', 'appear time': 1323, 'target time': 1328, 'reward': 85})
(1328, 'T', {'task id': 427, 'location': '48', 'appear time': 1322, 'target time': 1328, 'reward': 23})
(1328, 'T', {'task id': 428, 'location': '42', 'appear time': 1318, 'target time': 1328, 'reward': 48})
(1328, 'T', {'task id': 429, 'location': '75', 'appear time': 1323, 'target time': 1328, 'reward': 90})
(1331, 'T', {'task id': 430, 'location': '42', 'appear time': 1325, 'target time': 1331, 'reward': 1})
(1331, 'T', {'task id': 431, 'location': '75', 'appear time': 1321, 'target time': 1331, 'reward': 6})
(1332, 'T', {'task id': 432, 'location': '47', 'appear time': 1326, 'target time': 1332, 'reward': 95})
(1332, 'T', {'task id': 433, 'location': '39', 'appear time': 1323, 'target time': 1332, 'reward': 55})
(1332, 'T', {'task id': 434, 'location': '46', 'appear time': 1327, 'target time': 1332, 'reward': 95})
(1333, 'T', {'task id': 435, 'location': '29', 'appear time': 1325, 'target time': 1333, 'reward': 29})
(1333, 'T', {'task id': 436, 'location': '42', 'appear time': 1328, 'target time': 1333, 'reward': 14})
(1333, 'T', {'task id': 437, 'location': '29', 'appear time': 1324, 'target time': 1333, 'reward': 98})
(1334, 'T', {'task id': 438, 'location': '36', 'appear time': 1324, 'target time': 1334, 'reward': 91})
(1334, 'T', {'task id': 439, 'location': '39', 'appear time': 1324, 'target time': 1334, 'reward': 79})
(1334, 'T', {'task id': 440, 'location': '36', 'appear time': 1325, 'target time': 1334, 'reward': 39})
(1335, 'T', {'task id': 441, 'location': '44', 'appear time': 1328, 'target time': 1335, 'reward': 67})
(1335, 'T', {'task id': 442, 'location': '45', 'appear time': 1327, 'target time': 1335, 'reward': 61})
(1336, 'T', {'task id': 443, 'location': '44', 'appear time': 1327, 'target time': 1336, 'reward': 41})
(1336, 'T', {'task id': 444, 'location': '48', 'appear time': 1326, 'target time': 1336, 'reward': 69})
(1336, 'T', {'task id': 445, 'location': '43', 'appear time': 1330, 'target time': 1336, 'reward': 89})
(1337, 'T', {'task id': 446, 'location': '44', 'appear time': 1332, 'target time': 1337, 'reward': 99})
(1338, 'T', {'task id': 447, 'location': '41', 'appear time': 1330, 'target time': 1338, 'reward': 25})
(1338, 'T', {'task id': 448, 'location': '48', 'appear time': 1329, 'target time': 1338, 'reward': 47})
(1338, 'T', {'task id': 449, 'location': '26', 'appear time': 1329, 'target time': 1338, 'reward': 25})
(1338, 'T', {'task id': 450, 'location': '41', 'appear time': 1333, 'target time': 1338, 'reward': 17})
(1338, 'T', {'task id': 451, 'location': '64', 'appear time': 1328, 'target time': 1338, 'reward': 64})
(1338, 'T', {'task id': 452, 'location': '69', 'appear time': 1332, 'target time': 1338, 'reward': 23})
(1338, 'T', {'task id': 453, 'location': '41', 'appear time': 1329, 'target time': 1338, 'reward': 24})
(1339, 'T', {'task id': 454, 'location': '94', 'appear time': 1330, 'target time': 1339, 'reward': 12})
(1339, 'T', {'task id': 455, 'location': '16', 'appear time': 1334, 'target time': 1339, 'reward': 41})
(1339, 'T', {'task id': 456, 'location': '63', 'appear time': 1332, 'target time': 1339, 'reward': 69})
(1340, 'T', {'task id': 457, 'location': '47', 'appear time': 1332, 'target time': 1340, 'reward': 93})
(1340, 'T', {'task id': 458, 'location': '48', 'appear time': 1333, 'target time': 1340, 'reward': 72})
(1341, 'T', {'task id': 459, 'location': '43', 'appear time': 1336, 'target time': 1341, 'reward': 16})
(1341, 'T', {'task id': 460, 'location': '46', 'appear time': 1331, 'target time': 1341, 'reward': 9})
(1342, 'T', {'task id': 461, 'location': '45', 'appear time': 1334, 'target time': 1342, 'reward': 22})
(1343, 'T', {'task id': 462, 'location': '48', 'appear time': 1333, 'target time': 1343, 'reward': 32})
(1343, 'T', {'task id': 463, 'location': '63', 'appear time': 1338, 'target time': 1343, 'reward': 14})
(1343, 'T', {'task id': 464, 'location': '44', 'appear time': 1336, 'target time': 1343, 'reward': 77})
(1344, 'T', {'task id': 465, 'location': '45', 'appear time': 1337, 'target time': 1344, 'reward': 17})
(1344, 'T', {'task id': 466, 'location': '46', 'appear time': 1334, 'target time': 1344, 'reward': 53})
(1345, 'T', {'task id': 467, 'location': '35', 'appear time': 1336, 'target time': 1345, 'reward': 24})
(1345, 'T', {'task id': 468, 'location': '46', 'appear time': 1340, 'target time': 1345, 'reward': 16})
(1346, 'T', {'task id': 469, 'location': '56', 'appear time': 1339, 'target time': 1346, 'reward': 46})
(1348, 'T', {'task id': 470, 'location': '77', 'appear time': 1341, 'target time': 1348, 'reward': 26})
(1348, 'T', {'task id': 471, 'location': '65', 'appear time': 1340, 'target time': 1348, 'reward': 57})
(1348, 'T', {'task id': 472, 'location': '37', 'appear time': 1339, 'target time': 1348, 'reward': 81})
(1349, 'T', {'task id': 473, 'location': '52', 'appear time': 1339, 'target time': 1349, 'reward': 91})
(1349, 'T', {'task id': 474, 'location': '45', 'appear time': 1343, 'target time': 1349, 'reward': 76})
(1349, 'T', {'task id': 475, 'location': '52', 'appear time': 1342, 'target time': 1349, 'reward': 30})
(1349, 'T', {'task id': 476, 'location': '45', 'appear time': 1343, 'target time': 1349, 'reward': 51})
(1349, 'T', {'task id': 477, 'location': '46', 'appear time': 1342, 'target time': 1349, 'reward': 35})
(1350, 'T', {'task id': 478, 'location': '38', 'appear time': 1343, 'target time': 1350, 'reward': 12})
(1350, 'T', {'task id': 479, 'location': '46', 'appear time': 1342, 'target time': 1350, 'reward': 31})
(1350, 'T', {'task id': 480, 'location': '40', 'appear time': 1340, 'target time': 1350, 'reward': 84})
(1350, 'T', {'task id': 481, 'location': '47', 'appear time': 1341, 'target time': 1350, 'reward': 44})
(1352, 'T', {'task id': 482, 'location': '45', 'appear time': 1347, 'target time': 1352, 'reward': 97})
(1353, 'T', {'task id': 483, 'location': '66', 'appear time': 1344, 'target time': 1353, 'reward': 44})
(1353, 'T', {'task id': 484, 'location': '54', 'appear time': 1345, 'target time': 1353, 'reward': 36})
(1354, 'T', {'task id': 485, 'location': '47', 'appear time': 1344, 'target time': 1354, 'reward': 87})
(1354, 'T', {'task id': 486, 'location': '47', 'appear time': 1344, 'target time': 1354, 'reward': 73})
(1354, 'T', {'task id': 487, 'location': '38', 'appear time': 1349, 'target time': 1354, 'reward': 63})
(1354, 'T', {'task id': 488, 'location': '48', 'appear time': 1347, 'target time': 1354, 'reward': 92})
(1355, 'T', {'task id': 489, 'location': '36', 'appear time': 1350, 'target time': 1355, 'reward': 37})
(1355, 'T', {'task id': 490, 'location': '38', 'appear time': 1350, 'target time': 1355, 'reward': 25})
(1356, 'T', {'task id': 491, 'location': '44', 'appear time': 1348, 'target time': 1356, 'reward': 79})
(1356, 'T', {'task id': 492, 'location': '58', 'appear time': 1348, 'target time': 1356, 'reward': 78})
(1356, 'T', {'task id': 493, 'location': '69', 'appear time': 1350, 'target time': 1356, 'reward': 48})
(1356, 'T', {'task id': 494, 'location': '52', 'appear time': 1349, 'target time': 1356, 'reward': 80})
(1357, 'T', {'task id': 495, 'location': '48', 'appear time': 1347, 'target time': 1357, 'reward': 38})
(1357, 'T', {'task id': 496, 'location': '38', 'appear time': 1349, 'target time': 1357, 'reward': 94})
(1358, 'T', {'task id': 497, 'location': '40', 'appear time': 1352, 'target time': 1358, 'reward': 63})
(1358, 'T', {'task id': 498, 'location': '40', 'appear time': 1352, 'target time': 1358, 'reward': 39})
(1358, 'T', {'task id': 499, 'location': '43', 'appear time': 1353, 'target time': 1358, 'reward': 84})
(1358, 'T', {'task id': 500, 'location': '48', 'appear time': 1349, 'target time': 1358, 'reward': 69})
(1359, 'T', {'task id': 501, 'location': '68', 'appear time': 1350, 'target time': 1359, 'reward': 69})
(1359, 'T', {'task id': 502, 'location': '32', 'appear time': 1350, 'target time': 1359, 'reward': 59})
(1359, 'T', {'task id': 503, 'location': '76', 'appear time': 1353, 'target time': 1359, 'reward': 13})
(1360, 'T', {'task id': 504, 'location': '42', 'appear time': 1355, 'target time': 1360, 'reward': 20})
(1361, 'T', {'task id': 505, 'location': '40', 'appear time': 1351, 'target time': 1361, 'reward': 24})
(1361, 'T', {'task id': 506, 'location': '39', 'appear time': 1353, 'target time': 1361, 'reward': 96})
(1361, 'T', {'task id': 507, 'location': '84', 'appear time': 1354, 'target time': 1361, 'reward': 65})
(1362, 'T', {'task id': 508, 'location': '37', 'appear time': 1356, 'target time': 1362, 'reward': 74})
(1362, 'T', {'task id': 509, 'location': '55', 'appear time': 1357, 'target time': 1362, 'reward': 83})
(1364, 'T', {'task id': 510, 'location': '47', 'appear time': 1354, 'target time': 1364, 'reward': 75})
(1364, 'T', {'task id': 511, 'location': '47', 'appear time': 1356, 'target time': 1364, 'reward': 100})
(1365, 'T', {'task id': 512, 'location': '39', 'appear time': 1359, 'target time': 1365, 'reward': 19})
(1365, 'T', {'task id': 513, 'location': '49', 'appear time': 1357, 'target time': 1365, 'reward': 58})
(1365, 'T', {'task id': 514, 'location': '44', 'appear time': 1359, 'target time': 1365, 'reward': 16})
(1365, 'T', {'task id': 515, 'location': '17', 'appear time': 1358, 'target time': 1365, 'reward': 9})
(1365, 'T', {'task id': 516, 'location': '44', 'appear time': 1360, 'target time': 1365, 'reward': 80})
(1366, 'T', {'task id': 517, 'location': '91', 'appear time': 1359, 'target time': 1366, 'reward': 6})
(1366, 'T', {'task id': 518, 'location': '44', 'appear time': 1356, 'target time': 1366, 'reward': 46})
(1366, 'T', {'task id': 519, 'location': '90', 'appear time': 1359, 'target time': 1366, 'reward': 27})
(1366, 'T', {'task id': 520, 'location': '90', 'appear time': 1356, 'target time': 1366, 'reward': 3})
(1366, 'T', {'task id': 521, 'location': '73', 'appear time': 1357, 'target time': 1366, 'reward': 75})
(1367, 'T', {'task id': 522, 'location': '54', 'appear time': 1358, 'target time': 1367, 'reward': 26})
(1368, 'T', {'task id': 523, 'location': '61', 'appear time': 1358, 'target time': 1368, 'reward': 78})
(1369, 'T', {'task id': 524, 'location': '55', 'appear time': 1363, 'target time': 1369, 'reward': 12})
(1369, 'T', {'task id': 525, 'location': '26', 'appear time': 1361, 'target time': 1369, 'reward': 86})
(1370, 'T', {'task id': 526, 'location': '51', 'appear time': 1364, 'target time': 1370, 'reward': 15})
(1370, 'T', {'task id': 527, 'location': '51', 'appear time': 1360, 'target time': 1370, 'reward': 79})
(1370, 'T', {'task id': 528, 'location': '60', 'appear time': 1363, 'target time': 1370, 'reward': 62})
(1371, 'T', {'task id': 529, 'location': '38', 'appear time': 1361, 'target time': 1371, 'reward': 65})
(1372, 'T', {'task id': 530, 'location': '38', 'appear time': 1365, 'target time': 1372, 'reward': 29})
(1373, 'T', {'task id': 531, 'location': '40', 'appear time': 1365, 'target time': 1373, 'reward': 77})
(1373, 'T', {'task id': 532, 'location': '47', 'appear time': 1365, 'target time': 1373, 'reward': 31})
(1373, 'T', {'task id': 533, 'location': '43', 'appear time': 1366, 'target time': 1373, 'reward': 10})
(1374, 'T', {'task id': 534, 'location': '41', 'appear time': 1369, 'target time': 1374, 'reward': 10})
(1374, 'T', {'task id': 535, 'location': '42', 'appear time': 1367, 'target time': 1374, 'reward': 25})
(1374, 'T', {'task id': 536, 'location': '44', 'appear time': 1366, 'target time': 1374, 'reward': 82})
(1374, 'T', {'task id': 537, 'location': '46', 'appear time': 1366, 'target time': 1374, 'reward': 80})
(1374, 'T', {'task id': 538, 'location': '44', 'appear time': 1366, 'target time': 1374, 'reward': 33})
(1375, 'T', {'task id': 539, 'location': '45', 'appear time': 1365, 'target time': 1375, 'reward': 80})
(1375, 'T', {'task id': 540, 'location': '43', 'appear time': 1368, 'target time': 1375, 'reward': 22})
(1377, 'T', {'task id': 541, 'location': '36', 'appear time': 1370, 'target time': 1377, 'reward': 43})
(1377, 'T', {'task id': 542, 'location': '41', 'appear time': 1372, 'target time': 1377, 'reward': 68})
(1377, 'T', {'task id': 543, 'location': '12', 'appear time': 1370, 'target time': 1377, 'reward': 14})
(1378, 'T', {'task id': 544, 'location': '41', 'appear time': 1371, 'target time': 1378, 'reward': 54})
(1379, 'T', {'task id': 545, 'location': '44', 'appear time': 1371, 'target time': 1379, 'reward': 10})
(1380, 'T', {'task id': 546, 'location': '45', 'appear time': 1374, 'target time': 1380, 'reward': 6})
(1380, 'T', {'task id': 547, 'location': '41', 'appear time': 1370, 'target time': 1380, 'reward': 83})
(1381, 'T', {'task id': 548, 'location': '55', 'appear time': 1371, 'target time': 1381, 'reward': 57})
(1382, 'T', {'task id': 549, 'location': '47', 'appear time': 1377, 'target time': 1382, 'reward': 95})
(1382, 'T', {'task id': 550, 'location': '35', 'appear time': 1373, 'target time': 1382, 'reward': 11})
(1382, 'T', {'task id': 551, 'location': '47', 'appear time': 1376, 'target time': 1382, 'reward': 33})
(1382, 'T', {'task id': 552, 'location': '17', 'appear time': 1377, 'target time': 1382, 'reward': 19})
(1382, 'T', {'task id': 553, 'location': '39', 'appear time': 1374, 'target time': 1382, 'reward': 7})
(1383, 'T', {'task id': 554, 'location': '41', 'appear time': 1375, 'target time': 1383, 'reward': 25})
(1383, 'T', {'task id': 555, 'location': '45', 'appear time': 1376, 'target time': 1383, 'reward': 15})
(1384, 'T', {'task id': 556, 'location': '25', 'appear time': 1378, 'target time': 1384, 'reward': 1})
(1384, 'T', {'task id': 557, 'location': '45', 'appear time': 1379, 'target time': 1384, 'reward': 66})
(1384, 'T', {'task id': 558, 'location': '47', 'appear time': 1377, 'target time': 1384, 'reward': 52})
(1385, 'T', {'task id': 559, 'location': '19', 'appear time': 1377, 'target time': 1385, 'reward': 57})
(1386, 'T', {'task id': 560, 'location': '44', 'appear time': 1380, 'target time': 1386, 'reward': 64})
(1386, 'T', {'task id': 561, 'location': '45', 'appear time': 1380, 'target time': 1386, 'reward': 20})
(1386, 'T', {'task id': 562, 'location': '36', 'appear time': 1381, 'target time': 1386, 'reward': 76})
(1386, 'T', {'task id': 563, 'location': '53', 'appear time': 1381, 'target time': 1386, 'reward': 80})
(1387, 'T', {'task id': 564, 'location': '72', 'appear time': 1381, 'target time': 1387, 'reward': 56})
(1388, 'T', {'task id': 565, 'location': '45', 'appear time': 1381, 'target time': 1388, 'reward': 80})
(1388, 'T', {'task id': 566, 'location': '41', 'appear time': 1382, 'target time': 1388, 'reward': 67})
(1389, 'T', {'task id': 567, 'location': '38', 'appear time': 1383, 'target time': 1389, 'reward': 28})
(1389, 'T', {'task id': 568, 'location': '44', 'appear time': 1384, 'target time': 1389, 'reward': 42})
(1390, 'T', {'task id': 569, 'location': '51', 'appear time': 1384, 'target time': 1390, 'reward': 71})
(1390, 'T', {'task id': 570, 'location': '45', 'appear time': 1381, 'target time': 1390, 'reward': 18})
(1390, 'T', {'task id': 571, 'location': '43', 'appear time': 1383, 'target time': 1390, 'reward': 82})
(1391, 'T', {'task id': 572, 'location': '43', 'appear time': 1383, 'target time': 1391, 'reward': 12})
(1391, 'T', {'task id': 573, 'location': '44', 'appear time': 1382, 'target time': 1391, 'reward': 56})
(1391, 'T', {'task id': 574, 'location': '59', 'appear time': 1385, 'target time': 1391, 'reward': 9})
(1393, 'T', {'task id': 575, 'location': '38', 'appear time': 1387, 'target time': 1393, 'reward': 29})
(1393, 'T', {'task id': 576, 'location': '50', 'appear time': 1384, 'target time': 1393, 'reward': 90})
(1393, 'T', {'task id': 577, 'location': '49', 'appear time': 1385, 'target time': 1393, 'reward': 82})
(1393, 'T', {'task id': 578, 'location': '42', 'appear time': 1386, 'target time': 1393, 'reward': 8})
(1393, 'T', {'task id': 579, 'location': '49', 'appear time': 1383, 'target time': 1393, 'reward': 80})
(1394, 'T', {'task id': 580, 'location': '49', 'appear time': 1384, 'target time': 1394, 'reward': 52})
(1394, 'T', {'task id': 581, 'location': '44', 'appear time': 1388, 'target time': 1394, 'reward': 69})
(1394, 'T', {'task id': 582, 'location': '76', 'appear time': 1389, 'target time': 1394, 'reward': 27})
(1395, 'T', {'task id': 583, 'location': '41', 'appear time': 1387, 'target time': 1395, 'reward': 88})
(1395, 'T', {'task id': 584, 'location': '29', 'appear time': 1386, 'target time': 1395, 'reward': 73})
(1395, 'T', {'task id': 585, 'location': '67', 'appear time': 1386, 'target time': 1395, 'reward': 74})
(1395, 'T', {'task id': 586, 'location': '67', 'appear time': 1387, 'target time': 1395, 'reward': 38})
(1396, 'T', {'task id': 587, 'location': '67', 'appear time': 1390, 'target time': 1396, 'reward': 53})
(1396, 'T', {'task id': 588, 'location': '39', 'appear time': 1386, 'target time': 1396, 'reward': 66})
(1396, 'T', {'task id': 589, 'location': '82', 'appear time': 1386, 'target time': 1396, 'reward': 85})
(1397, 'T', {'task id': 590, 'location': '46', 'appear time': 1392, 'target time': 1397, 'reward': 55})
(1397, 'T', {'task id': 591, 'location': '49', 'appear time': 1387, 'target time': 1397, 'reward': 69})
(1398, 'T', {'task id': 592, 'location': '37', 'appear time': 1389, 'target time': 1398, 'reward': 2})
(1398, 'T', {'task id': 593, 'location': '36', 'appear time': 1390, 'target time': 1398, 'reward': 86})
(1400, 'T', {'task id': 594, 'location': '39', 'appear time': 1395, 'target time': 1400, 'reward': 32})
(1400, 'T', {'task id': 595, 'location': '87', 'appear time': 1394, 'target time': 1400, 'reward': 49})
(1400, 'T', {'task id': 596, 'location': '22', 'appear time': 1391, 'target time': 1400, 'reward': 48})
(1401, 'T', {'task id': 597, 'location': '35', 'appear time': 1396, 'target time': 1401, 'reward': 95})
(1401, 'T', {'task id': 598, 'location': '48', 'appear time': 1395, 'target time': 1401, 'reward': 11})
(1402, 'T', {'task id': 599, 'location': '42', 'appear time': 1397, 'target time': 1402, 'reward': 95})
(1402, 'T', {'task id': 600, 'location': '43', 'appear time': 1393, 'target time': 1402, 'reward': 33})
(1402, 'T', {'task id': 601, 'location': '46', 'appear time': 1394, 'target time': 1402, 'reward': 20})
(1402, 'T', {'task id': 602, 'location': '40', 'appear time': 1392, 'target time': 1402, 'reward': 85})
(1404, 'T', {'task id': 603, 'location': '45', 'appear time': 1394, 'target time': 1404, 'reward': 61})
(1404, 'T', {'task id': 604, 'location': '45', 'appear time': 1397, 'target time': 1404, 'reward': 95})
(1405, 'T', {'task id': 605, 'location': '77', 'appear time': 1395, 'target time': 1405, 'reward': 14})
(1406, 'T', {'task id': 606, 'location': '45', 'appear time': 1396, 'target time': 1406, 'reward': 59})
(1407, 'T', {'task id': 607, 'location': '45', 'appear time': 1397, 'target time': 1407, 'reward': 9})
(1407, 'T', {'task id': 608, 'location': '45', 'appear time': 1401, 'target time': 1407, 'reward': 84})
(1407, 'T', {'task id': 609, 'location': '12', 'appear time': 1399, 'target time': 1407, 'reward': 80})
(1407, 'T', {'task id': 610, 'location': '37', 'appear time': 1402, 'target time': 1407, 'reward': 50})
(1407, 'T', {'task id': 611, 'location': '37', 'appear time': 1398, 'target time': 1407, 'reward': 63})
(1408, 'T', {'task id': 612, 'location': '48', 'appear time': 1400, 'target time': 1408, 'reward': 85})
(1408, 'T', {'task id': 613, 'location': '47', 'appear time': 1400, 'target time': 1408, 'reward': 29})
(1408, 'T', {'task id': 614, 'location': '43', 'appear time': 1403, 'target time': 1408, 'reward': 54})
(1409, 'T', {'task id': 615, 'location': '35', 'appear time': 1403, 'target time': 1409, 'reward': 59})
(1409, 'T', {'task id': 616, 'location': '26', 'appear time': 1400, 'target time': 1409, 'reward': 49})
(1410, 'T', {'task id': 617, 'location': '35', 'appear time': 1403, 'target time': 1410, 'reward': 34})
(1410, 'T', {'task id': 618, 'location': '28', 'appear time': 1405, 'target time': 1410, 'reward': 68})
(1410, 'T', {'task id': 619, 'location': '34', 'appear time': 1400, 'target time': 1410, 'reward': 79})
(1410, 'T', {'task id': 620, 'location': '36', 'appear time': 1403, 'target time': 1410, 'reward': 9})
(1410, 'T', {'task id': 621, 'location': '40', 'appear time': 1401, 'target time': 1410, 'reward': 100})
(1411, 'T', {'task id': 622, 'location': '40', 'appear time': 1405, 'target time': 1411, 'reward': 38})
(1412, 'T', {'task id': 623, 'location': '65', 'appear time': 1404, 'target time': 1412, 'reward': 42})
(1412, 'T', {'task id': 624, 'location': '36', 'appear time': 1405, 'target time': 1412, 'reward': 6})
(1413, 'T', {'task id': 625, 'location': '42', 'appear time': 1408, 'target time': 1413, 'reward': 14})
(1413, 'T', {'task id': 626, 'location': '61', 'appear time': 1408, 'target time': 1413, 'reward': 93})
(1416, 'T', {'task id': 627, 'location': '30', 'appear time': 1410, 'target time': 1416, 'reward': 42})
(1416, 'T', {'task id': 628, 'location': '41', 'appear time': 1411, 'target time': 1416, 'reward': 76})
(1416, 'T', {'task id': 629, 'location': '41', 'appear time': 1406, 'target time': 1416, 'reward': 38})
(1417, 'T', {'task id': 630, 'location': '67', 'appear time': 1407, 'target time': 1417, 'reward': 74})
(1417, 'T', {'task id': 631, 'location': '37', 'appear time': 1408, 'target time': 1417, 'reward': 84})
(1417, 'T', {'task id': 632, 'location': '45', 'appear time': 1407, 'target time': 1417, 'reward': 92})
(1418, 'T', {'task id': 633, 'location': '68', 'appear time': 1413, 'target time': 1418, 'reward': 69})
(1419, 'T', {'task id': 634, 'location': '38', 'appear time': 1414, 'target time': 1419, 'reward': 30})
(1419, 'T', {'task id': 635, 'location': '39', 'appear time': 1413, 'target time': 1419, 'reward': 92})
(1419, 'T', {'task id': 636, 'location': '32', 'appear time': 1414, 'target time': 1419, 'reward': 44})
(1420, 'T', {'task id': 637, 'location': '35', 'appear time': 1411, 'target time': 1420, 'reward': 77})
(1420, 'T', {'task id': 638, 'location': '45', 'appear time': 1414, 'target time': 1420, 'reward': 79})
(1421, 'T', {'task id': 639, 'location': '43', 'appear time': 1415, 'target time': 1421, 'reward': 84})
(1422, 'T', {'task id': 640, 'location': '47', 'appear time': 1413, 'target time': 1422, 'reward': 31})
(1422, 'T', {'task id': 641, 'location': '53', 'appear time': 1412, 'target time': 1422, 'reward': 43})
(1423, 'T', {'task id': 642, 'location': '39', 'appear time': 1417, 'target time': 1423, 'reward': 10})
(1423, 'T', {'task id': 643, 'location': '47', 'appear time': 1417, 'target time': 1423, 'reward': 94})
(1424, 'T', {'task id': 644, 'location': '51', 'appear time': 1415, 'target time': 1424, 'reward': 75})
(1424, 'T', {'task id': 645, 'location': '32', 'appear time': 1415, 'target time': 1424, 'reward': 1})
(1424, 'T', {'task id': 646, 'location': '47', 'appear time': 1417, 'target time': 1424, 'reward': 6})
(1425, 'T', {'task id': 647, 'location': '52', 'appear time': 1418, 'target time': 1425, 'reward': 43})
(1425, 'T', {'task id': 648, 'location': '37', 'appear time': 1418, 'target time': 1425, 'reward': 33})
(1425, 'T', {'task id': 649, 'location': '45', 'appear time': 1415, 'target time': 1425, 'reward': 63})
(1426, 'T', {'task id': 650, 'location': '55', 'appear time': 1417, 'target time': 1426, 'reward': 28})
(1426, 'T', {'task id': 651, 'location': '17', 'appear time': 1417, 'target time': 1426, 'reward': 10})
(1427, 'T', {'task id': 652, 'location': '37', 'appear time': 1421, 'target time': 1427, 'reward': 55})
(1427, 'T', {'task id': 653, 'location': '29', 'appear time': 1417, 'target time': 1427, 'reward': 3})
(1427, 'T', {'task id': 654, 'location': '42', 'appear time': 1418, 'target time': 1427, 'reward': 22})
(1427, 'T', {'task id': 655, 'location': '34', 'appear time': 1417, 'target time': 1427, 'reward': 3})
(1428, 'T', {'task id': 656, 'location': '31', 'appear time': 1423, 'target time': 1428, 'reward': 96})
(1428, 'T', {'task id': 657, 'location': '41', 'appear time': 1420, 'target time': 1428, 'reward': 72})
(1428, 'T', {'task id': 658, 'location': '43', 'appear time': 1419, 'target time': 1428, 'reward': 43})
(1428, 'T', {'task id': 659, 'location': '41', 'appear time': 1419, 'target time': 1428, 'reward': 19})
(1428, 'T', {'task id': 660, 'location': '45', 'appear time': 1418, 'target time': 1428, 'reward': 87})
(1428, 'T', {'task id': 661, 'location': '29', 'appear time': 1418, 'target time': 1428, 'reward': 14})
(1428, 'T', {'task id': 662, 'location': '64', 'appear time': 1422, 'target time': 1428, 'reward': 47})
(1429, 'T', {'task id': 663, 'location': '40', 'appear time': 1420, 'target time': 1429, 'reward': 39})
(1429, 'T', {'task id': 664, 'location': '48', 'appear time': 1421, 'target time': 1429, 'reward': 59})
(1430, 'T', {'task id': 665, 'location': '9', 'appear time': 1425, 'target time': 1430, 'reward': 89})
(1430, 'T', {'task id': 666, 'location': '36', 'appear time': 1425, 'target time': 1430, 'reward': 66})
(1430, 'T', {'task id': 667, 'location': '36', 'appear time': 1423, 'target time': 1430, 'reward': 79})
(1430, 'T', {'task id': 668, 'location': '38', 'appear time': 1423, 'target time': 1430, 'reward': 89})
(1430, 'T', {'task id': 669, 'location': '34', 'appear time': 1421, 'target time': 1430, 'reward': 68})
(1430, 'T', {'task id': 670, 'location': '50', 'appear time': 1420, 'target time': 1430, 'reward': 98})
(1430, 'T', {'task id': 671, 'location': '50', 'appear time': 1425, 'target time': 1430, 'reward': 83})
(1431, 'T', {'task id': 672, 'location': '41', 'appear time': 1421, 'target time': 1431, 'reward': 56})
(1431, 'T', {'task id': 673, 'location': '70', 'appear time': 1421, 'target time': 1431, 'reward': 34})
(1431, 'T', {'task id': 674, 'location': '94', 'appear time': 1425, 'target time': 1431, 'reward': 93})
(1431, 'T', {'task id': 675, 'location': '35', 'appear time': 1422, 'target time': 1431, 'reward': 86})
(1431, 'T', {'task id': 676, 'location': '48', 'appear time': 1422, 'target time': 1431, 'reward': 91})
(1431, 'T', {'task id': 677, 'location': '35', 'appear time': 1425, 'target time': 1431, 'reward': 28})
(1432, 'T', {'task id': 678, 'location': '11', 'appear time': 1427, 'target time': 1432, 'reward': 12})
(1432, 'T', {'task id': 679, 'location': '24', 'appear time': 1424, 'target time': 1432, 'reward': 22})
(1432, 'T', {'task id': 680, 'location': '38', 'appear time': 1427, 'target time': 1432, 'reward': 70})
(1434, 'T', {'task id': 681, 'location': '46', 'appear time': 1429, 'target time': 1434, 'reward': 80})
(1434, 'T', {'task id': 682, 'location': '40', 'appear time': 1427, 'target time': 1434, 'reward': 62})
(1434, 'T', {'task id': 683, 'location': '45', 'appear time': 1427, 'target time': 1434, 'reward': 28})
(1434, 'T', {'task id': 684, 'location': '46', 'appear time': 1425, 'target time': 1434, 'reward': 31})
(1434, 'T', {'task id': 685, 'location': '37', 'appear time': 1424, 'target time': 1434, 'reward': 35})
(1435, 'T', {'task id': 686, 'location': '43', 'appear time': 1429, 'target time': 1435, 'reward': 24})
(1435, 'T', {'task id': 687, 'location': '43', 'appear time': 1429, 'target time': 1435, 'reward': 13})
(1436, 'T', {'task id': 688, 'location': '47', 'appear time': 1430, 'target time': 1436, 'reward': 13})
(1436, 'T', {'task id': 689, 'location': '44', 'appear time': 1428, 'target time': 1436, 'reward': 57})
(1436, 'T', {'task id': 690, 'location': '47', 'appear time': 1429, 'target time': 1436, 'reward': 50})
(1436, 'T', {'task id': 691, 'location': '40', 'appear time': 1431, 'target time': 1436, 'reward': 27})
(1436, 'T', {'task id': 692, 'location': '54', 'appear time': 1428, 'target time': 1436, 'reward': 70})
(1437, 'T', {'task id': 693, 'location': '53', 'appear time': 1430, 'target time': 1437, 'reward': 14})
(1437, 'T', {'task id': 694, 'location': '50', 'appear time': 1428, 'target time': 1437, 'reward': 57})
(1438, 'T', {'task id': 695, 'location': '58', 'appear time': 1432, 'target time': 1438, 'reward': 96})
(1438, 'T', {'task id': 696, 'location': '43', 'appear time': 1429, 'target time': 1438, 'reward': 1})
(1439, 'T', {'task id': 697, 'location': '43', 'appear time': 1433, 'target time': 1439, 'reward': 66})
(1439, 'T', {'task id': 698, 'location': '49', 'appear time': 1433, 'target time': 1439, 'reward': 87})
(1439, 'T', {'task id': 699, 'location': '53', 'appear time': 1431, 'target time': 1439, 'reward': 52})